variant,workload,n,fanout_target,groups,zipf_s,operation,runs,mean,std,ci95
node256_only,dense_uint64,65536,0,0,0.0,insert,175,18.601518702857142,1.6874928588227014,0.2500224408439686
node256_only,dense_uint64,65536,0,0,0.0,lookup_absent,175,296.56039019428573,21.239719604668107,3.1469208954789165
node256_only,dense_uint64,65536,0,0,0.0,lookup_success,25,38.9287106,1.5308141090214877,0.6000791307364232
node256_only,dense_uint64,65536,0,0,0.25,lookup_success,25,39.30380528,1.7433221590478611,0.6833822863467616
node256_only,dense_uint64,65536,0,0,0.5,lookup_success,25,40.37011192,0.8189115001948682,0.32101330807638834
node256_only,dense_uint64,65536,0,0,0.75,lookup_success,25,43.46912808,1.1627407102437588,0.45579435841555344
node256_only,dense_uint64,65536,0,0,1.0,lookup_success,25,52.84126428,2.260440799917512,0.8860927935676646
node256_only,dense_uint64,65536,0,0,1.25,lookup_success,25,72.34242496,1.0767103068948618,0.4220704403027858
node256_only,dense_uint64,65536,0,0,1.5,lookup_success,25,89.05433076,1.5063527285789309,0.5904902696029409
node256_only,dense_uint64,262144,0,0,0.0,insert,175,9.464826697142858,0.5269261595057911,0.07807047233141388
node256_only,dense_uint64,262144,0,0,0.0,lookup_absent,175,210.43823806285712,5.260687891219177,0.7794344255765061
node256_only,dense_uint64,262144,0,0,0.0,lookup_success,25,9.746711040000001,1.1673320281223007,0.45759415502394185
node256_only,dense_uint64,262144,0,0,0.25,lookup_success,25,10.70701944,0.4969174349096372,0.19479163448457776
node256_only,dense_uint64,262144,0,0,0.5,lookup_success,25,11.0679276,0.7803206666967647,0.30588570134513177
node256_only,dense_uint64,262144,0,0,0.75,lookup_success,25,12.675995519999999,0.6601170562245713,0.2587658860400319
node256_only,dense_uint64,262144,0,0,1.0,lookup_success,25,18.15993528,1.2437507945610362,0.48755031146792616
node256_only,dense_uint64,262144,0,0,1.25,lookup_success,25,35.6711788,2.8733943124871044,1.126370570494945
node256_only,dense_uint64,262144,0,0,1.5,lookup_success,25,61.3770636,4.186015032680783,1.640917892810867
node256_only,dense_uint64,1048576,0,0,0.0,insert,175,3.080401302857143,0.062460548589100884,0.009254284385887926
node256_only,dense_uint64,1048576,0,0,0.0,lookup_absent,175,207.60456081714287,5.378711485926228,0.7969210460807394
node256_only,dense_uint64,1048576,0,0,0.0,lookup_success,25,4.38823748,0.0994202915413985,0.03897275428422821
node256_only,dense_uint64,1048576,0,0,0.25,lookup_success,25,4.43443752,0.0625955623614273,0.0245374604456795
node256_only,dense_uint64,1048576,0,0,0.5,lookup_success,25,4.55641196,0.06549342634346338,0.025673423126637646
node256_only,dense_uint64,1048576,0,0,0.75,lookup_success,25,5.153025159999999,0.08730865056877218,0.034224991022958694
node256_only,dense_uint64,1048576,0,0,1.0,lookup_success,25,8.17054404,0.09264672457129827,0.036317516031948924
node256_only,dense_uint64,1048576,0,0,1.25,lookup_success,25,21.455326879999998,0.5979728080003809,0.23440534073614933
node256_only,dense_uint64,1048576,0,0,1.5,lookup_success,25,48.72995756,2.2859071897192895,0.8960756183699615
node256_only,dense_uint64,4194304,0,0,0.0,insert,175,2.4532374228571427,0.015107380698429653,0.00223834084821884
node256_only,dense_uint64,4194304,0,0,0.0,lookup_absent,175,205.49956757142857,7.675619850982988,1.1372357519024117
node256_only,dense_uint64,4194304,0,0,0.0,lookup_success,25,3.7152808,0.041801738750718666,0.01638628159028172
node256_only,dense_uint64,4194304,0,0,0.25,lookup_success,25,3.7086282,0.019359938395218754,0.007589095850925752
node256_only,dense_uint64,4194304,0,0,0.5,lookup_success,25,3.7347966400000003,0.02855052437037427,0.011191805553186714
node256_only,dense_uint64,4194304,0,0,0.75,lookup_success,25,4.065651,0.027039186433767046,0.010599361082036681
node256_only,dense_uint64,4194304,0,0,1.0,lookup_success,25,6.03499228,0.07186331010821863,0.028170417562421703
node256_only,dense_uint64,4194304,0,0,1.25,lookup_success,25,17.04704336,0.6424076378671674,0.25182379404392957
node256_only,dense_uint64,4194304,0,0,1.5,lookup_success,25,46.48484184,1.4598639769492419,0.5722666789641029
node256_only,sparse_uint64,65536,0,0,0.0,insert,175,3.8771664114285715,0.19501092496823771,0.02889322298277147
node256_only,sparse_uint64,65536,0,0,0.0,lookup_absent,175,31.75328729142857,3.2715958981831146,0.4847264316659247
node256_only,sparse_uint64,65536,0,0,0.0,lookup_success,25,10.464516800000002,0.45196086300346106,0.17716865829735673
node256_only,sparse_uint64,65536,0,0,0.25,lookup_success,25,10.8012368,1.00136312499375,0.39253434499755
node256_only,sparse_uint64,65536,0,0,0.5,lookup_success,25,10.15622436,0.9712739295593903,0.380739380387281
node256_only,sparse_uint64,65536,0,0,0.75,lookup_success,25,11.17036664,1.5512584710455222,0.6080933206498447
node256_only,sparse_uint64,65536,0,0,1.0,lookup_success,25,13.87443532,0.9936930021699656,0.3895276568506265
node256_only,sparse_uint64,65536,0,0,1.25,lookup_success,25,21.2934674,1.917459379318634,0.7516440766929046
node256_only,sparse_uint64,65536,0,0,1.5,lookup_success,25,40.08061876,1.8972478360536518,0.7437211517330315
node256_only,sparse_uint64,262144,0,0,0.0,insert,175,2.4063463942857144,0.0886342542065196,0.013132234879239361
node256_only,sparse_uint64,262144,0,0,0.0,lookup_absent,175,20.712228394285713,0.6656479790968665,0.09862378475056965
node256_only,sparse_uint64,262144,0,0,0.0,lookup_success,25,5.70195476,0.2466137626894672,0.09667259497427114
node256_only,sparse_uint64,262144,0,0,0.25,lookup_success,25,5.958380600000001,0.13557309303563891,0.05314465246997045
node256_only,sparse_uint64,262144,0,0,0.5,lookup_success,25,6.13920664,0.17767801475864517,0.06964978178538891
node256_only,sparse_uint64,262144,0,0,0.75,lookup_success,25,6.87844324,0.324163236707897,0.1270719887894956
node256_only,sparse_uint64,262144,0,0,1.0,lookup_success,25,9.292574160000001,0.7369062032156057,0.2888672316605175
node256_only,sparse_uint64,262144,0,0,1.25,lookup_success,25,18.30654004,1.8220183673332462,0.7142311999946325
node256_only,sparse_uint64,262144,0,0,1.5,lookup_success,25,39.54451572,1.9396454391260654,0.7603410121374176
node256_only,sparse_uint64,1048576,0,0,0.0,insert,175,2.2319402514285716,0.03047815175888403,0.004515706158594007
node256_only,sparse_uint64,1048576,0,0,0.0,lookup_absent,175,18.648138354285713,0.6202075846595658,0.09189124169373397
node256_only,sparse_uint64,1048576,0,0,0.0,lookup_success,25,3.9463349599999997,0.08596991723876433,0.03370020755759562
node256_only,sparse_uint64,1048576,0,0,0.25,lookup_success,25,3.97370992,0.07096614604978906,0.02781872925151731
node256_only,sparse_uint64,1048576,0,0,0.5,lookup_success,25,3.99936832,0.22929377218151076,0.0898831586951522
node256_only,sparse_uint64,1048576,0,0,0.75,lookup_success,25,4.600877919999999,0.060686734688562755,0.0237891999979166
node256_only,sparse_uint64,1048576,0,0,1.0,lookup_success,25,6.899479199999999,0.22610857355317154,0.08863456083284324
node256_only,sparse_uint64,1048576,0,0,1.25,lookup_success,25,18.35150684,0.793607396984055,0.31109409961774953
node256_only,sparse_uint64,1048576,0,0,1.5,lookup_success,25,45.31911272,2.525672839292788,0.9900637530027728
node256_only,sparse_uint64,4194304,0,0,0.0,insert,175,1.8624118914285714,0.03474543359072795,0.005147955482665865
node256_only,sparse_uint64,4194304,0,0,0.0,lookup_absent,175,14.26064761142857,0.6276903690098772,0.09299990653802796
node256_only,sparse_uint64,4194304,0,0,0.0,lookup_success,25,3.31599612,0.02370706931543144,0.009293171171649125
node256_only,sparse_uint64,4194304,0,0,0.25,lookup_success,25,3.29589448,0.11828041918541156,0.04636592432068133
node256_only,sparse_uint64,4194304,0,0,0.5,lookup_success,25,3.3309712,0.08356557571402633,0.032757705679898316
node256_only,sparse_uint64,4194304,0,0,0.75,lookup_success,25,3.59077808,0.02274036621282372,0.008914223555426898
node256_only,sparse_uint64,4194304,0,0,1.0,lookup_success,25,5.2838142,0.06813443046164948,0.026708696740966598
node256_only,sparse_uint64,4194304,0,0,1.25,lookup_success,25,14.347776799999998,0.6237363545075889,0.24450465096697488
node256_only,sparse_uint64,4194304,0,0,1.5,lookup_success,25,36.7681144,5.439979982599852,2.132472153179142
node32_node64,dense_uint64,65536,0,0,0.0,insert,175,14.415188034285714,1.4494722466501542,0.21475681342787747
node32_node64,dense_uint64,65536,0,0,0.0,lookup_absent,175,311.32277004571426,29.771306899641186,4.41097855866259
node32_node64,dense_uint64,65536,0,0,0.0,lookup_success,25,38.3412282,1.2872967718094714,0.5046203345493128
node32_node64,dense_uint64,65536,0,0,0.25,lookup_success,25,38.249251640000004,1.7643325260654952,0.6916183502176741
node32_node64,dense_uint64,65536,0,0,0.5,lookup_success,25,39.275309480000004,0.670181439202172,0.2627111241672514
node32_node64,dense_uint64,65536,0,0,0.75,lookup_success,25,41.933384679999996,1.1115642573536373,0.4357331888826258
node32_node64,dense_uint64,65536,0,0,1.0,lookup_success,25,49.26193352,4.601390441663395,1.803745053132051
node32_node64,dense_uint64,65536,0,0,1.25,lookup_success,25,69.31167787999999,1.0917281303218054,0.42795742708614765
node32_node64,dense_uint64,65536,0,0,1.5,lookup_success,25,85.12833692,0.9547457129660155,0.37426031948267807
node32_node64,dense_uint64,262144,0,0,0.0,insert,175,7.701887457142857,0.5092825317273367,0.07545635585711413
node32_node64,dense_uint64,262144,0,0,0.0,lookup_absent,175,158.18883366857142,4.06576277742835,0.6023918431360853
node32_node64,dense_uint64,262144,0,0,0.0,lookup_success,25,9.42175916,0.7853427640767061,0.3078543635180688
node32_node64,dense_uint64,262144,0,0,0.25,lookup_success,25,9.912769,0.5579434705497355,0.2187138404554963
node32_node64,dense_uint64,262144,0,0,0.5,lookup_success,25,10.466391920000001,0.498722351829479,0.19549916191715577
node32_node64,dense_uint64,262144,0,0,0.75,lookup_success,25,11.71193348,0.9169490907606374,0.35944404357816984
node32_node64,dense_uint64,262144,0,0,1.0,lookup_success,25,16.87119372,0.8555805060551736,0.335387558373628
node32_node64,dense_uint64,262144,0,0,1.25,lookup_success,25,29.560684719999998,2.8932074258856937,1.134137310947192
node32_node64,dense_uint64,262144,0,0,1.5,lookup_success,25,49.045991,2.2250394425535456,0.8722154614809898
node32_node64,dense_uint64,1048576,0,0,0.0,insert,175,3.0697461428571424,0.0584680112101504,0.008662741769617297
node32_node64,dense_uint64,1048576,0,0,0.0,lookup_absent,175,184.8047670742857,9.653738584409632,1.43031792491709
node32_node64,dense_uint64,1048576,0,0,0.0,lookup_success,25,4.32043176,0.12071473769120594,0.047320177174952724
node32_node64,dense_uint64,1048576,0,0,0.25,lookup_success,25,4.38798544,0.06329639913407403,0.02481218846055702
node32_node64,dense_uint64,1048576,0,0,0.5,lookup_success,25,4.49616292,0.055399002537590794,0.021716408994735592
node32_node64,dense_uint64,1048576,0,0,0.75,lookup_success,25,5.04699548,0.10214174196107745,0.04003956284874236
node32_node64,dense_uint64,1048576,0,0,1.0,lookup_success,25,7.79875724,0.11969514545686477,0.04692049701909099
node32_node64,dense_uint64,1048576,0,0,1.25,lookup_success,25,20.400031,0.9436559354225287,0.36991312668563125
node32_node64,dense_uint64,1048576,0,0,1.5,lookup_success,25,44.54485492,1.7110051678787375,0.6707140258084651
node32_node64,dense_uint64,4194304,0,0,0.0,insert,175,2.4382952228571426,0.02036609542226741,0.003017482925224911
node32_node64,dense_uint64,4194304,0,0,0.0,lookup_absent,175,186.94113186285713,6.988488154163781,1.0354288949893382
node32_node64,dense_uint64,4194304,0,0,0.0,lookup_success,25,3.67735552,0.04011729818411663,0.01572598088817372
node32_node64,dense_uint64,4194304,0,0,0.25,lookup_success,25,3.67986232,0.05058590818080315,0.01982967600687483
node32_node64,dense_uint64,4194304,0,0,0.5,lookup_success,25,3.71566032,0.02665879516175982,0.01045024770340985
node32_node64,dense_uint64,4194304,0,0,0.75,lookup_success,25,4.03000944,0.030970139497694872,0.01214029468309639
node32_node64,dense_uint64,4194304,0,0,1.0,lookup_success,25,5.89113784,0.09007904735086848,0.03531098656154045
node32_node64,dense_uint64,4194304,0,0,1.25,lookup_success,25,16.8251254,0.6100037403158555,0.23912146620381533
node32_node64,dense_uint64,4194304,0,0,1.5,lookup_success,25,44.9604032,2.3436850257377273,0.9187245300891892
node32_node64,sparse_uint64,65536,0,0,0.0,insert,175,10.62344292,0.9139536856589505,0.13541327307673104
node32_node64,sparse_uint64,65536,0,0,0.0,lookup_absent,175,56.09751152571429,3.9040219304518,0.5784279838913947
node32_node64,sparse_uint64,65536,0,0,0.0,lookup_success,25,27.659900280000002,0.6813935730839612,0.2671062806489128
node32_node64,sparse_uint64,65536,0,0,0.25,lookup_success,25,26.3875292,3.3675404540957636,1.3200758580055392
node32_node64,sparse_uint64,65536,0,0,0.5,lookup_success,25,27.526750200000002,1.2919014475983317,0.506425367458546
node32_node64,sparse_uint64,65536,0,0,0.75,lookup_success,25,28.4815922,3.093894946980762,1.2128068192164587
node32_node64,sparse_uint64,65536,0,0,1.0,lookup_success,25,33.81569184,2.4255403112220475,0.9508118019990427
node32_node64,sparse_uint64,65536,0,0,1.25,lookup_success,25,45.161342,3.71227606287037,1.455212216645185
node32_node64,sparse_uint64,65536,0,0,1.5,lookup_success,25,58.20409531999999,4.061132800005343,1.5919640576020941
node32_node64,sparse_uint64,262144,0,0,0.0,insert,175,5.011212068571429,0.2745071290707437,0.04067154541158783
node32_node64,sparse_uint64,262144,0,0,0.0,lookup_absent,175,29.436145822857142,1.4523893005861377,0.2151890101873096
node32_node64,sparse_uint64,262144,0,0,0.0,lookup_success,25,6.51044948,0.399065232503526,0.15643357114138218
node32_node64,sparse_uint64,262144,0,0,0.25,lookup_success,25,6.87719212,0.21284006075187067,0.08343330381473331
node32_node64,sparse_uint64,262144,0,0,0.5,lookup_success,25,7.15307092,0.16582135753724025,0.06500197215459817
node32_node64,sparse_uint64,262144,0,0,0.75,lookup_success,25,8.10010792,0.2961422739450188,0.11608777138644737
node32_node64,sparse_uint64,262144,0,0,1.0,lookup_success,25,11.51789824,0.5502233630441428,0.21568755831330394
node32_node64,sparse_uint64,262144,0,0,1.25,lookup_success,25,22.77580712,1.3375781459964096,0.5243306332305926
node32_node64,sparse_uint64,262144,0,0,1.5,lookup_success,25,42.30349272,3.030547133281609,1.1879744762463909
node32_node64,sparse_uint64,1048576,0,0,0.0,insert,175,2.726773514285714,0.08198184465371554,0.012146600086659444
node32_node64,sparse_uint64,1048576,0,0,0.0,lookup_absent,175,24.857620125714284,1.7329992210517005,0.25676475782560126
node32_node64,sparse_uint64,1048576,0,0,0.0,lookup_success,25,3.66322832,0.20463457930310802,0.08021675508681834
node32_node64,sparse_uint64,1048576,0,0,0.25,lookup_success,25,3.75396132,0.09279079911451352,0.0363739932528893
node32_node64,sparse_uint64,1048576,0,0,0.5,lookup_success,25,3.8778955600000002,0.08328686223182719,0.032648449994876254
node32_node64,sparse_uint64,1048576,0,0,0.75,lookup_success,25,4.34463208,0.09526156065885144,0.037342531778269766
node32_node64,sparse_uint64,1048576,0,0,1.0,lookup_success,25,6.591666,0.31430696981533823,0.12320833216761258
node32_node64,sparse_uint64,1048576,0,0,1.25,lookup_success,25,16.21962092,1.0811631960726336,0.42381597286047235
node32_node64,sparse_uint64,1048576,0,0,1.5,lookup_success,25,36.46646884,3.0460873153008348,1.1940662275979272
node32_node64,sparse_uint64,4194304,0,0,0.0,insert,175,1.8919091714285716,0.02042895592423536,0.0030267964675326805
node32_node64,sparse_uint64,4194304,0,0,0.0,lookup_absent,175,11.709075348571428,0.2388926497392159,0.03539483031006857
node32_node64,sparse_uint64,4194304,0,0,0.0,lookup_success,25,3.0765306,0.06303259363614985,0.024708776705370743
node32_node64,sparse_uint64,4194304,0,0,0.25,lookup_success,25,3.0728891199999997,0.0354194885824645,0.013884439524326084
node32_node64,sparse_uint64,4194304,0,0,0.5,lookup_success,25,3.08770552,0.025459204321358224,0.009980008093972424
node32_node64,sparse_uint64,4194304,0,0,0.75,lookup_success,25,3.28479624,0.04338491323536325,0.017006885988262395
node32_node64,sparse_uint64,4194304,0,0,1.0,lookup_success,25,4.68871696,0.10129552151316105,0.03970784443315913
node32_node64,sparse_uint64,4194304,0,0,1.25,lookup_success,25,12.76045572,0.4555547374050778,0.1785774570627905
node32_node64,sparse_uint64,4194304,0,0,1.5,lookup_success,25,34.14307944,3.2402595855827956,1.2701817575484557
node64,dense_uint64,65536,0,0,0.0,insert,175,15.097965645714284,1.2251192149321344,0.18151620307055852
node64,dense_uint64,65536,0,0,0.0,lookup_absent,175,317.36975682285714,27.602241410577964,4.089605318420047
node64,dense_uint64,65536,0,0,0.0,lookup_success,25,37.728221319999996,1.4972266149339732,0.5869128330541175
node64,dense_uint64,65536,0,0,0.25,lookup_success,25,38.62274388,0.9003982357550331,0.35295610841597297
node64,dense_uint64,65536,0,0,0.5,lookup_success,25,38.9468254,1.605211899918072,0.6292430647678843
node64,dense_uint64,65536,0,0,0.75,lookup_success,25,41.52174968,1.7999749457387277,0.7055901787295813
node64,dense_uint64,65536,0,0,1.0,lookup_success,25,51.469763439999994,1.8519300813078345,0.7259565918726711
node64,dense_uint64,65536,0,0,1.25,lookup_success,25,69.37752056000001,1.1797822227475248,0.4624746313170297
node64,dense_uint64,65536,0,0,1.5,lookup_success,25,84.80996788,2.0600730333698385,0.8075486290809767
node64,dense_uint64,262144,0,0,0.0,insert,175,7.8481229657142855,0.4590286199475381,0.06801063209037264
node64,dense_uint64,262144,0,0,0.0,lookup_absent,175,160.2697085542857,3.6272058981235062,0.537414346585843
node64,dense_uint64,262144,0,0,0.0,lookup_success,25,9.04898284,1.2947785830920953,0.5075532045721014
node64,dense_uint64,262144,0,0,0.25,lookup_success,25,10.11956596,0.5149130398186574,0.2018459116089137
node64,dense_uint64,262144,0,0,0.5,lookup_success,25,10.41755952,0.4120057267535973,0.16150624488741014
node64,dense_uint64,262144,0,0,0.75,lookup_success,25,11.58736664,1.1824845184753257,0.46353393124232767
node64,dense_uint64,262144,0,0,1.0,lookup_success,25,16.96975896,0.7094456956655492,0.27810271270089526
node64,dense_uint64,262144,0,0,1.25,lookup_success,25,30.134082560000003,3.453653609404769,1.3538322148866695
node64,dense_uint64,262144,0,0,1.5,lookup_success,25,46.5396138,2.3499920975027413,0.9211969022210745
node64,dense_uint64,1048576,0,0,0.0,insert,175,3.0985418,0.05007634907887117,0.007419415708810084
node64,dense_uint64,1048576,0,0,0.0,lookup_absent,175,194.96950340571428,10.721095519887857,1.5884597415563524
node64,dense_uint64,1048576,0,0,0.0,lookup_success,25,4.31110112,0.08249009454035493,0.03233611705981913
node64,dense_uint64,1048576,0,0,0.25,lookup_success,25,4.3750176,0.07921123682386641,0.03105080483495563
node64,dense_uint64,1048576,0,0,0.5,lookup_success,25,4.49375328,0.09319893748836404,0.0365339834954387
node64,dense_uint64,1048576,0,0,0.75,lookup_success,25,5.05187036,0.07650762673032471,0.02999098967828729
node64,dense_uint64,1048576,0,0,1.0,lookup_success,25,7.73761728,0.259720136298754,0.10181029342911156
node64,dense_uint64,1048576,0,0,1.25,lookup_success,25,20.54499204,0.5755187719503215,0.22560335860452602
node64,dense_uint64,1048576,0,0,1.5,lookup_success,25,44.34614456,1.8107013181882985,0.709794916729813
node64,dense_uint64,4194304,0,0,0.0,insert,175,2.4532471142857144,0.014161432326113494,0.002098187176028566
node64,dense_uint64,4194304,0,0,0.0,lookup_absent,175,198.31433131428574,11.133981373833254,1.6496337657625315
node64,dense_uint64,4194304,0,0,0.0,lookup_success,25,3.6646463999999996,0.1187305655195129,0.04654238168364906
node64,dense_uint64,4194304,0,0,0.25,lookup_success,25,3.65989692,0.14738819089536978,0.05777617083098495
node64,dense_uint64,4194304,0,0,0.5,lookup_success,25,3.71651136,0.02737719400169903,0.01073186004866602
node64,dense_uint64,4194304,0,0,0.75,lookup_success,25,4.02482632,0.04057318461406084,0.01590468836871185
node64,dense_uint64,4194304,0,0,1.0,lookup_success,25,5.94695608,0.07299962095559126,0.028615851414591775
node64,dense_uint64,4194304,0,0,1.25,lookup_success,25,16.7325034,0.5923389367957624,0.2321968632239389
node64,dense_uint64,4194304,0,0,1.5,lookup_success,25,44.885029880000005,1.117306378452003,0.4379841003531852
node64,sparse_uint64,65536,0,0,0.0,insert,175,10.908578514285715,0.9721428296976954,0.14403469730802423
node64,sparse_uint64,65536,0,0,0.0,lookup_absent,175,57.53749744571429,3.343765374399303,0.4954192108997229
node64,sparse_uint64,65536,0,0,0.0,lookup_success,25,27.52449828,0.8656073331637124,0.33931807460017527
node64,sparse_uint64,65536,0,0,0.25,lookup_success,25,27.43171488,1.2671680166979076,0.49672986254557977
node64,sparse_uint64,65536,0,0,0.5,lookup_success,25,26.89798296,2.627137850471125,1.029838037384681
node64,sparse_uint64,65536,0,0,0.75,lookup_success,25,29.25908464,0.9505568379438559,0.37261828047399154
node64,sparse_uint64,65536,0,0,1.0,lookup_success,25,34.64221304,0.9320808932342548,0.3653757101478279
node64,sparse_uint64,65536,0,0,1.25,lookup_success,25,45.888248919999995,1.9782628664841058,0.7754790436617695
node64,sparse_uint64,65536,0,0,1.5,lookup_success,25,57.871007,4.683382017864992,1.835885751003077
node64,sparse_uint64,262144,0,0,0.0,insert,175,5.044272177142857,0.28087635822983953,0.04161522360988415
node64,sparse_uint64,262144,0,0,0.0,lookup_absent,175,29.580497554285717,1.1185359971268467,0.16572461252879245
node64,sparse_uint64,262144,0,0,0.0,lookup_success,25,6.436740240000001,0.508397000681495,0.19929162426714603
node64,sparse_uint64,262144,0,0,0.25,lookup_success,25,6.627071160000001,0.6186464712680337,0.24250941673706922
node64,sparse_uint64,262144,0,0,0.5,lookup_success,25,7.07966228,0.41922561600920016,0.16433644147560647
node64,sparse_uint64,262144,0,0,0.75,lookup_success,25,8.07271236,0.39982504533117147,0.1567314177698192
node64,sparse_uint64,262144,0,0,1.0,lookup_success,25,11.706379,0.24117173324313917,0.09453931943131055
node64,sparse_uint64,262144,0,0,1.25,lookup_success,25,22.63614268,1.877765523063243,0.7360840850407913
node64,sparse_uint64,262144,0,0,1.5,lookup_success,25,42.198377359999995,3.1667804744204977,1.2413779459728351
node64,sparse_uint64,1048576,0,0,0.0,insert,175,2.6827936742857146,0.06987845640530917,0.010353336988372928
node64,sparse_uint64,1048576,0,0,0.0,lookup_absent,175,19.57682242857143,0.8676407805289327,0.12855145702658158
node64,sparse_uint64,1048576,0,0,0.0,lookup_success,25,3.5256656399999997,0.11109744004471941,0.04355019649753001
node64,sparse_uint64,1048576,0,0,0.25,lookup_success,25,3.55374016,0.10225920377798113,0.040085607880968606
node64,sparse_uint64,1048576,0,0,0.5,lookup_success,25,3.6614902000000003,0.036660325475914614,0.014370847586558527
node64,sparse_uint64,1048576,0,0,0.75,lookup_success,25,3.89664136,0.09574392134224499,0.03753161716616003
node64,sparse_uint64,1048576,0,0,1.0,lookup_success,25,6.19107568,0.13816587826314683,0.054161024279153556
node64,sparse_uint64,1048576,0,0,1.25,lookup_success,25,15.33103932,1.0459035445449678,0.40999418946162736
node64,sparse_uint64,1048576,0,0,1.5,lookup_success,25,36.65112112,2.254100095116273,0.8836072372855789
node64,sparse_uint64,4194304,0,0,0.0,insert,175,1.8707269314285713,0.01447242607516164,0.0021442646547080797
node64,sparse_uint64,4194304,0,0,0.0,lookup_absent,175,11.73215950857143,0.2932555448092633,0.043449349560739876
node64,sparse_uint64,4194304,0,0,0.0,lookup_success,25,3.09418288,0.05158669863873172,0.02022198586638283
node64,sparse_uint64,4194304,0,0,0.25,lookup_success,25,3.069519,0.02250447046514677,0.008821752422337533
node64,sparse_uint64,4194304,0,0,0.5,lookup_success,25,3.0827330799999997,0.026731344948268808,0.010478687219721372
node64,sparse_uint64,4194304,0,0,0.75,lookup_success,25,3.28978248,0.053168540561375835,0.020842067900059328
node64,sparse_uint64,4194304,0,0,1.0,lookup_success,25,4.69791016,0.0984057869862844,0.03857506849862348
node64,sparse_uint64,4194304,0,0,1.25,lookup_success,25,12.734547,0.569476140173947,0.22323464694818723
node64,sparse_uint64,4194304,0,0,1.5,lookup_success,25,33.93751932,3.3248141425404487,1.303327143875856
original4,dense_uint64,65536,0,0,0.0,insert,175,16.857775125714287,1.408154560826848,0.20863509942739608
original4,dense_uint64,65536,0,0,0.0,lookup_absent,175,296.07145030285716,25.05974136837236,3.712903240497401
original4,dense_uint64,65536,0,0,0.0,lookup_success,25,38.813405440000004,1.518937864808991,0.5954236430051245
original4,dense_uint64,65536,0,0,0.25,lookup_success,25,39.88559476,0.7104394715164741,0.2784922728344578
original4,dense_uint64,65536,0,0,0.5,lookup_success,25,40.200691,1.5404212051578619,0.6038451124218819
original4,dense_uint64,65536,0,0,0.75,lookup_success,25,43.19742064,2.1328258591056666,0.8360677367694214
original4,dense_uint64,65536,0,0,1.0,lookup_success,25,52.710712400000006,6.5279261335536924,2.5589470443530473
original4,dense_uint64,65536,0,0,1.25,lookup_success,25,71.98659596,1.4610970849247011,0.5727500572904829
original4,dense_uint64,65536,0,0,1.5,lookup_success,25,88.61532516,3.1350632454692695,1.2289447922239536
original4,dense_uint64,262144,0,0,0.0,insert,175,8.472399394285713,0.4280059800170363,0.06341425343531928
original4,dense_uint64,262144,0,0,0.0,lookup_absent,175,163.6715813885714,3.255176639279317,0.48229372022272454
original4,dense_uint64,262144,0,0,0.0,lookup_success,25,9.5362312,0.8259450980795173,0.3237704784471708
original4,dense_uint64,262144,0,0,0.25,lookup_success,25,10.06335748,0.5504804085780527,0.21578832016259666
original4,dense_uint64,262144,0,0,0.5,lookup_success,25,10.63855952,0.4558905231340376,0.17870908506854272
original4,dense_uint64,262144,0,0,0.75,lookup_success,25,11.860309919999999,0.7389515704245511,0.289669015606424
original4,dense_uint64,262144,0,0,1.0,lookup_success,25,16.735245680000002,0.7151663269857649,0.2803452001784198
original4,dense_uint64,262144,0,0,1.25,lookup_success,25,31.631557320000002,3.431758843465072,1.3452494666383081
original4,dense_uint64,262144,0,0,1.5,lookup_success,25,53.43695796,2.948537436683276,1.1558266751798443
original4,dense_uint64,1048576,0,0,0.0,insert,175,3.132616057142857,0.05929752051015194,0.008785643587426381
original4,dense_uint64,1048576,0,0,0.0,lookup_absent,175,198.1041674,8.216932658365943,1.2174377798128642
original4,dense_uint64,1048576,0,0,0.0,lookup_success,25,4.30856748,0.17349120162972734,0.06800855103885312
original4,dense_uint64,1048576,0,0,0.25,lookup_success,25,4.416099679999999,0.05395953087015006,0.021152136101098822
original4,dense_uint64,1048576,0,0,0.5,lookup_success,25,4.511853439999999,0.04506284411803878,0.0176646348942712
original4,dense_uint64,1048576,0,0,0.75,lookup_success,25,5.044794319999999,0.0734386050780515,0.028787933190596186
original4,dense_uint64,1048576,0,0,1.0,lookup_success,25,7.88024732,0.1267157392107492,0.049672569770613684
original4,dense_uint64,1048576,0,0,1.25,lookup_success,25,20.62655728,0.9809863982166765,0.3845466681009372
original4,dense_uint64,1048576,0,0,1.5,lookup_success,25,45.51765136,1.7729968160967562,0.6950147519099283
original4,dense_uint64,4194304,0,0,0.0,insert,175,2.4859382171428575,0.025965870634193165,0.0038471572313076067
original4,dense_uint64,4194304,0,0,0.0,lookup_absent,175,198.31484195428573,7.978552931176347,1.182118945171251
original4,dense_uint64,4194304,0,0,0.0,lookup_success,25,3.72057972,0.05453648043016713,0.02137830032862551
original4,dense_uint64,4194304,0,0,0.25,lookup_success,25,3.7027855599999997,0.05005367319694606,0.019621039893202855
original4,dense_uint64,4194304,0,0,0.5,lookup_success,25,3.7399451599999995,0.02120010650264132,0.008310441749035398
original4,dense_uint64,4194304,0,0,0.75,lookup_success,25,4.05631468,0.026384455909556598,0.010342706716546187
original4,dense_uint64,4194304,0,0,1.0,lookup_success,25,6.0411288,0.06704961177802088,0.026283447816984183
original4,dense_uint64,4194304,0,0,1.25,lookup_success,25,17.342244519999998,0.33678779020155003,0.1320208137590076
original4,dense_uint64,4194304,0,0,1.5,lookup_success,25,46.039907480000004,2.4548710586739784,0.9623094550001994
original4,sparse_uint64,65536,0,0,0.0,insert,175,11.863010834285713,1.0058739739373226,0.14903237357738358
original4,sparse_uint64,65536,0,0,0.0,lookup_absent,175,59.663351982857144,4.160653924379408,0.6164511122175196
original4,sparse_uint64,65536,0,0,0.0,lookup_success,25,27.94014072,1.4048294864615969,0.550693158692946
original4,sparse_uint64,65536,0,0,0.25,lookup_success,25,28.6923112,0.5582542860336286,0.21883568012518242
original4,sparse_uint64,65536,0,0,0.5,lookup_success,25,29.03954868,0.4926492098506569,0.1931184902614575
original4,sparse_uint64,65536,0,0,0.75,lookup_success,25,28.81040924,3.2806458047938163,1.286013155479176
original4,sparse_uint64,65536,0,0,1.0,lookup_success,25,35.545900520000004,1.2046970376327684,0.47224123875204516
original4,sparse_uint64,65536,0,0,1.25,lookup_success,25,45.516380440000006,5.818727512147668,2.2809411847618857
original4,sparse_uint64,65536,0,0,1.5,lookup_success,25,60.38453396,4.762052693748241,1.8667246559493105
original4,sparse_uint64,262144,0,0,0.0,insert,175,5.10604288,0.3535882569597608,0.05238836928798651
original4,sparse_uint64,262144,0,0,0.0,lookup_absent,175,30.673170645714286,1.175586458362149,0.17417732715496032
original4,sparse_uint64,262144,0,0,0.0,lookup_success,25,6.61449352,0.4910824150847052,0.19250430671320443
original4,sparse_uint64,262144,0,0,0.25,lookup_success,25,7.005890000000001,0.2202978567591312,0.08635675984957943
original4,sparse_uint64,262144,0,0,0.5,lookup_success,25,7.35902876,0.15132462976833397,0.05931925486918691
original4,sparse_uint64,262144,0,0,0.75,lookup_success,25,8.258830719999999,0.30582003604251196,0.11988145412866469
original4,sparse_uint64,262144,0,0,1.0,lookup_success,25,11.857214599999999,0.38900675841868965,0.15249064930012635
original4,sparse_uint64,262144,0,0,1.25,lookup_success,25,23.547292040000002,0.6811996495925702,0.2670302626402875
original4,sparse_uint64,262144,0,0,1.5,lookup_success,25,44.01842388,3.2824782804884034,1.2867314859514543
original4,sparse_uint64,1048576,0,0,0.0,insert,175,2.7000252799999997,0.11944822788149838,0.017697697109221713
original4,sparse_uint64,1048576,0,0,0.0,lookup_absent,175,20.977005657142858,1.5610638806503263,0.23129046129762598
original4,sparse_uint64,1048576,0,0,0.0,lookup_success,25,3.6267005599999997,0.09092605896555005,0.03564301511449562
original4,sparse_uint64,1048576,0,0,0.25,lookup_success,25,3.5811692799999997,0.28003571617228873,0.10977400073953718
original4,sparse_uint64,1048576,0,0,0.5,lookup_success,25,3.7518908800000004,0.05885533225369928,0.02307129024345012
original4,sparse_uint64,1048576,0,0,0.75,lookup_success,25,4.18821912,0.11952763232105254,0.04685483186985259
original4,sparse_uint64,1048576,0,0,1.0,lookup_success,25,6.28148052,0.25067420713067634,0.09826428919522512
original4,sparse_uint64,1048576,0,0,1.25,lookup_success,25,15.7410048,0.9571332937029109,0.3751962511315411
original4,sparse_uint64,1048576,0,0,1.5,lookup_success,25,38.31142308,2.444026838739229,0.9580585207857778
original4,sparse_uint64,4194304,0,0,0.0,insert,175,1.9411606857142858,0.02471966873658774,0.003662517374258925
original4,sparse_uint64,4194304,0,0,0.0,lookup_absent,175,14.301405788571428,0.2952934357685304,0.043751287710667976
original4,sparse_uint64,4194304,0,0,0.0,lookup_success,25,3.378118,0.05632429547717391,0.022079123827052172
original4,sparse_uint64,4194304,0,0,0.25,lookup_success,25,3.3385054000000003,0.19375098871575683,0.07595038757657667
original4,sparse_uint64,4194304,0,0,0.5,lookup_success,25,3.38215544,0.037655608473462006,0.014760998521597107
original4,sparse_uint64,4194304,0,0,0.75,lookup_success,25,3.6384867200000004,0.038682425737794617,0.01516351088921549
original4,sparse_uint64,4194304,0,0,1.0,lookup_success,25,5.35504116,0.0625492281704846,0.024519297442829963
original4,sparse_uint64,4194304,0,0,1.25,lookup_success,25,14.47389332,0.5165421268433903,0.202484513722609
original4,sparse_uint64,4194304,0,0,1.5,lookup_success,25,38.6840252,3.6437848593669053,1.4283636648718268
paper6_indexed,dense_uint64,65536,0,0,0.0,insert,175,15.260430108571429,1.4134660255797815,0.20942205705808595
paper6_indexed,dense_uint64,65536,0,0,0.0,lookup_absent,175,309.29956049714286,27.551501101757815,4.082087529059302
paper6_indexed,dense_uint64,65536,0,0,0.0,lookup_success,25,38.16273952,1.4546637924788992,0.5702282066517285
paper6_indexed,dense_uint64,65536,0,0,0.25,lookup_success,25,38.47055376,1.1890542210430783,0.46610925464888664
paper6_indexed,dense_uint64,65536,0,0,0.5,lookup_success,25,39.315673000000004,0.7264772500669469,0.28477908202624314
paper6_indexed,dense_uint64,65536,0,0,0.75,lookup_success,25,41.53289952,1.5752895665685576,0.6175135100948745
paper6_indexed,dense_uint64,65536,0,0,1.0,lookup_success,25,51.32530584,1.1420616368226255,0.44768816163446923
paper6_indexed,dense_uint64,65536,0,0,1.25,lookup_success,25,68.81738856,2.2238734827350233,0.8717584052321291
paper6_indexed,dense_uint64,65536,0,0,1.5,lookup_success,25,82.92122203999999,3.891481115473998,1.5254605972658073
paper6_indexed,dense_uint64,262144,0,0,0.0,insert,175,7.899745902857143,0.5622370021205592,0.08330219998741169
paper6_indexed,dense_uint64,262144,0,0,0.0,lookup_absent,175,146.60073670285715,6.739878262033782,0.9985943378987304
paper6_indexed,dense_uint64,262144,0,0,0.0,lookup_success,25,9.25221048,0.4022931997290784,0.15769893429379872
paper6_indexed,dense_uint64,262144,0,0,0.25,lookup_success,25,10.13593276,0.43824668849616694,0.17179270189049745
paper6_indexed,dense_uint64,262144,0,0,0.5,lookup_success,25,10.13575612,1.021747423246499,0.4005249899126276
paper6_indexed,dense_uint64,262144,0,0,0.75,lookup_success,25,11.91711196,0.8203392447383928,0.32157298393745
paper6_indexed,dense_uint64,262144,0,0,1.0,lookup_success,25,16.67298756,0.9676485295461572,0.37931822358209366
paper6_indexed,dense_uint64,262144,0,0,1.25,lookup_success,25,30.600112239999998,2.282460397869629,0.8947244759648946
paper6_indexed,dense_uint64,262144,0,0,1.5,lookup_success,25,46.778854,2.954697800661121,1.1582415378591593
paper6_indexed,dense_uint64,1048576,0,0,0.0,insert,175,3.1139749999999995,0.06326868769279008,0.009374019951101986
paper6_indexed,dense_uint64,1048576,0,0,0.0,lookup_absent,175,186.35323558285714,13.488786725308495,1.9985266091367133
paper6_indexed,dense_uint64,1048576,0,0,0.0,lookup_success,25,4.3353718400000005,0.05863896731176288,0.022986475186211046
paper6_indexed,dense_uint64,1048576,0,0,0.25,lookup_success,25,4.37876108,0.07520276814215889,0.029479485111726284
paper6_indexed,dense_uint64,1048576,0,0,0.5,lookup_success,25,4.507585199999999,0.04823447231320488,0.018907913146776312
paper6_indexed,dense_uint64,1048576,0,0,0.75,lookup_success,25,5.04458344,0.10296013539920848,0.04036037307648972
paper6_indexed,dense_uint64,1048576,0,0,1.0,lookup_success,25,7.7974432,0.15839054890049473,0.062089095168993934
paper6_indexed,dense_uint64,1048576,0,0,1.25,lookup_success,25,20.41884544,0.5964033361276352,0.23379010776203296
paper6_indexed,dense_uint64,1048576,0,0,1.5,lookup_success,25,44.135266959999996,1.665887092193989,0.6530277401400437
paper6_indexed,dense_uint64,4194304,0,0,0.0,insert,175,2.4693433028571428,0.015074049424472049,0.002233402417559564
paper6_indexed,dense_uint64,4194304,0,0,0.0,lookup_absent,175,184.85890224,10.234833922945278,1.5164142151290056
paper6_indexed,dense_uint64,4194304,0,0,0.0,lookup_success,25,3.6946959600000002,0.04151284565496963,0.016273035496748092
paper6_indexed,dense_uint64,4194304,0,0,0.25,lookup_success,25,3.6779713199999997,0.019723194804848423,0.007731492363500582
paper6_indexed,dense_uint64,4194304,0,0,0.5,lookup_success,25,3.71156416,0.03287211730793541,0.012885869984710682
paper6_indexed,dense_uint64,4194304,0,0,0.75,lookup_success,25,4.03629112,0.02696515432201342,0.010570340494229261
paper6_indexed,dense_uint64,4194304,0,0,1.0,lookup_success,25,5.92784652,0.07793674108431356,0.030551202505050917
paper6_indexed,dense_uint64,4194304,0,0,1.25,lookup_success,25,17.13605824,0.24647334156866374,0.0966175498949162
paper6_indexed,dense_uint64,4194304,0,0,1.5,lookup_success,25,45.053840120000004,1.6105289010669321,0.6313273292182374
paper6_indexed,sparse_uint64,65536,0,0,0.0,insert,175,10.830764514285715,0.7406509163021907,0.10973637543947183
paper6_indexed,sparse_uint64,65536,0,0,0.0,lookup_absent,175,56.48644244,2.838432684898695,0.4205480718566013
paper6_indexed,sparse_uint64,65536,0,0,0.0,lookup_success,25,26.08989916,1.24095340757905,0.4864537357709876
paper6_indexed,sparse_uint64,65536,0,0,0.25,lookup_success,25,26.36150312,0.8840824715999502,0.34656032886718047
paper6_indexed,sparse_uint64,65536,0,0,0.5,lookup_success,25,26.90154312,0.5662483490710535,0.22196935283585298
paper6_indexed,sparse_uint64,65536,0,0,0.75,lookup_success,25,28.058689880000003,0.5604030097683658,0.21967797982919937
paper6_indexed,sparse_uint64,65536,0,0,1.0,lookup_success,25,32.355696040000005,1.27580021416931,0.5001136839543696
paper6_indexed,sparse_uint64,65536,0,0,1.25,lookup_success,25,43.06024096,2.066911994725294,0.8102295019323151
paper6_indexed,sparse_uint64,65536,0,0,1.5,lookup_success,25,56.237794320000006,5.024959178073469,1.9697839978047997
paper6_indexed,sparse_uint64,262144,0,0,0.0,insert,175,4.965435754285715,0.2451247802463444,0.036318195687826384
paper6_indexed,sparse_uint64,262144,0,0,0.0,lookup_absent,175,28.600103062857144,1.1755156739914172,0.174166839595827
paper6_indexed,sparse_uint64,262144,0,0,0.0,lookup_success,25,6.26706688,0.5597984979254677,0.21944101118678333
paper6_indexed,sparse_uint64,262144,0,0,0.25,lookup_success,25,6.858103959999999,0.17589605061097865,0.06895125183950364
paper6_indexed,sparse_uint64,262144,0,0,0.5,lookup_success,25,7.067446680000001,0.23717473097780317,0.09297249454329884
paper6_indexed,sparse_uint64,262144,0,0,0.75,lookup_success,25,7.9730449199999995,0.5980553103860825,0.23443768167134435
paper6_indexed,sparse_uint64,262144,0,0,1.0,lookup_success,25,11.37342104,0.2904828889905394,0.11386929248429145
paper6_indexed,sparse_uint64,262144,0,0,1.25,lookup_success,25,21.973434400000002,1.0799345829786406,0.4233343565276272
paper6_indexed,sparse_uint64,262144,0,0,1.5,lookup_success,25,39.39634944,2.3536686906481425,0.9226381267340719
paper6_indexed,sparse_uint64,1048576,0,0,0.0,insert,175,2.707933577142857,0.045120434910341116,0.006685137189911013
paper6_indexed,sparse_uint64,1048576,0,0,0.0,lookup_absent,175,24.975404171428572,1.0520406619949345,0.15587252580291605
paper6_indexed,sparse_uint64,1048576,0,0,0.0,lookup_success,25,3.7149280800000004,0.11658043922757079,0.04569953217720775
paper6_indexed,sparse_uint64,1048576,0,0,0.25,lookup_success,25,3.7563829600000003,0.09159692778849081,0.035905995693088395
paper6_indexed,sparse_uint64,1048576,0,0,0.5,lookup_success,25,3.8438952,0.1138760688654557,0.04463941899525863
paper6_indexed,sparse_uint64,1048576,0,0,0.75,lookup_success,25,4.37526844,0.06257970173179139,0.024531243078862223
paper6_indexed,sparse_uint64,1048576,0,0,1.0,lookup_success,25,6.5831254,0.22678931581407602,0.0889014117991178
paper6_indexed,sparse_uint64,1048576,0,0,1.25,lookup_success,25,16.688837720000002,0.9154512920309449,0.3588569064761304
paper6_indexed,sparse_uint64,1048576,0,0,1.5,lookup_success,25,36.36170528,2.403144520006817,0.9420326518426722
paper6_indexed,sparse_uint64,4194304,0,0,0.0,insert,175,1.9301812685714286,0.01541623633131175,0.0022841015391739795
paper6_indexed,sparse_uint64,4194304,0,0,0.0,lookup_absent,175,11.774383188571427,0.24101905439417404,0.035709882832676294
paper6_indexed,sparse_uint64,4194304,0,0,0.0,lookup_success,25,3.07435384,0.054193918176366034,0.021244015925135484
paper6_indexed,sparse_uint64,4194304,0,0,0.25,lookup_success,25,3.0675722000000003,0.021112208774387704,0.00827598583955998
paper6_indexed,sparse_uint64,4194304,0,0,0.5,lookup_success,25,3.0736939999999997,0.04227103809446053,0.016570246933028526
paper6_indexed,sparse_uint64,4194304,0,0,0.75,lookup_success,25,3.2742122,0.0986606856947082,0.038674988792325615
paper6_indexed,sparse_uint64,4194304,0,0,1.0,lookup_success,25,4.75327072,0.08100916835535779,0.03175559399530025
paper6_indexed,sparse_uint64,4194304,0,0,1.25,lookup_success,25,12.61979528,0.6150717182239483,0.24110811354378775
paper6_indexed,sparse_uint64,4194304,0,0,1.5,lookup_success,25,34.61805648,3.0682138427577996,1.2027398263610576
